legajo,apellido,nombre,telefono,dni,curso_id
1000,Dimnage,Orin,3316431432,341862802,4
1001,Piller,Durward,8712636381,211672998,9
1002,Rosas,Markos,5448973862,216592591,5
1003,Deinert,Guy,6475411934,840413694,1
1004,Gouldthorp,Kristian,2685354563,877107811,10
1005,Radnage,Maude,4008063411,628114447,4
1006,Sivier,Ronalda,6336637210,181660108,9
1007,Simonett,Dorie,6328693092,940194997,10
1008,Widd,Zabrina,4749290230,238236592,3
1009,Daunter,Auberta,7612197281,7678596,4
1010,Happs,Janetta,5414093925,765801063,3
1011,Loins,Jeffry,2261088989,353106673,6
1012,Doag,Filmore,7922873764,355368856,8
1013,Whitington,Laure,4023456186,541787198,3
1014,Dwelley,Olympia,4589152353,663535314,3
1015,Songist,Jessamyn,3072644923,700469460,8
1016,Zavittieri,Neils,6696477765,743875068,8
1017,St. Quentin,Ibbie,4323353761,972832119,2
1018,Francisco,Kristine,3513208174,992938281,6
1019,Bullin,Lettie,7476580707,389510759,2
1020,Spavon,Muhammad,3022476010,897837458,8
1021,Monger,Diahann,1777511627,834031606,5
1022,MacPhail,Galvin,7314556438,155991886,7
1023,McCombe,Cole,4291582307,805754676,2
1024,Tuma,Roberta,1287118307,454089865,5
1025,McGougan,Courtney,8742255874,189801010,9
1026,Dwight,Madelena,4207602842,544754878,8
1027,Braun,Max,5059429146,242939683,4
1028,Housam,Fons,6763426703,83621849,9
1029,Daveridge,Mellisa,6541642858,942586183,7
1030,Dollar,Sarene,3306797644,182242582,9
1031,Jouanot,Tedd,8138013311,73312581,3
1032,Hampstead,Bobbette,3216788388,520903365,8
1033,Jellico,Dosi,5869527001,203475244,5
1034,Sacase,Claudius,9189487855,197658396,10
1035,Harral,Monroe,1447626033,57089410,4
1036,Pountain,Jacinthe,8736137516,615063512,9
1037,Blaza,Delinda,7742690455,268034532,10
1038,Hardwick,Drud,9708984547,920316065,7
1039,Cubbino,Berkly,6173948137,432524713,10
1040,Lebond,Harrietta,9174766670,582760060,3
1041,Dunford,Berrie,4527229106,835725412,7
1042,Dightham,Rickey,3636917753,578903437,6
1043,Dunley,Stu,1946936675,995791759,4
1044,Abrahami,Mozelle,5162140475,797672843,7
1045,Essex,Germain,2168531060,803758937,1
1046,Reddel,Webster,6523405870,642072416,1
1047,Saville,Gwendolin,9173142970,954674591,5
1048,Semrad,Teddi,3901134887,321140438,3
1049,Mullins,Ginnie,9862635685,96294059,6
1050,Kemmet,Bertina,1598203992,493082848,1
1051,Esson,Marylou,1782823452,87135014,1
1052,Drover,Melicent,6178824173,655034113,7
1053,Gunther,Molli,4519297967,199199089,8
1054,Ongin,Burnard,5015219553,358216328,6
1055,Swatridge,Lionello,3305002767,419484697,8
1056,Worsam,Whitman,4233501809,200438383,3
1057,Grierson,Moselle,3011847035,467923683,2
1058,Falkner,Emmit,9885723191,483065923,3
1059,Kennady,Pippa,2261990696,970506061,1
1060,Yve,Adolphus,5374735749,46433783,7
1061,Siddaley,Darby,1003110359,836768861,7
1062,Bramsom,Devin,5364176887,242629689,5
1063,Stothard,Nadean,1698645596,559904083,4
1064,Ruben,Gwenny,9447771794,844513452,8
1065,Childers,Corine,4286113115,805373100,2
1066,Polgreen,Florenza,9638441595,85336302,5
1067,Chicotti,Ase,6031141326,719693536,9
1068,Loade,Clair,1243688419,522518854,7
1069,Rase,Lin,9672783662,629998608,2
1070,Wakerley,Malia,1216762849,176324970,9
1071,Godball,Carmelina,4249908924,138901636,2
1072,Yekel,Leontine,3334304645,442336930,5
1073,Van de Castele,Marla,7221690941,336020701,7
1074,Vickress,Ky,5157930818,388701545,8
1075,O'Grady,Arny,9624591941,335715967,4
1076,Rouf,Gran,9494116385,930757806,5
1077,Degoe,Julianna,2632144263,43714116,6
1078,Monini,Codie,5554559126,95258809,10
1079,Gilhespy,Dixie,8448494149,25388205,5
1080,Peart,Teador,6399439546,951211570,7
1081,Cianelli,Mahala,1387882195,533704363,5
1082,Skeels,Lind,8105114707,377599022,10
1083,Heaysman,Jareb,7574790266,596813176,2
1084,Pettisall,Ruddy,8919959662,658364563,1
1085,Seater,Mimi,6967082249,166630632,7
1086,Dannel,Juliette,9656115447,513529691,2
1087,Sander,Emlynn,8535492402,494177001,10
1088,Grzelczyk,Shawnee,8802371730,364134033,7
1089,Hollyer,Konstanze,7867307205,73689511,6
1090,Smithson,Rodger,4276686174,260524595,3
1091,Stallybrass,Carrie,3306836265,388561007,9
1092,Spadazzi,Glenn,5667433336,500680017,4
1093,Giorgeschi,Dieter,5037141751,743447652,9
1094,Martland,Thacher,2812216320,441045697,3
1095,Shirtliff,Wake,9059432075,99388636,4
1096,Melhuish,Falkner,8314605243,253419931,6
1097,Escritt,Mitzi,1743563981,183595671,9
1098,Ballantyne,Robinia,3713300542,30523046,8
1099,Fontin,Merrick,2205494753,860275638,8
1100,Argabrite,Berke,2752496593,900212748,5
1101,Sarjeant,Jerrylee,6825995142,381519652,4
1102,Twidell,Rorie,5395476621,606684006,8
1103,Faltin,Valene,5485540391,715909262,4
1104,Keerl,Celestia,9406625667,510061574,9
1105,Bartczak,Ade,7895219950,855936568,9
1106,Courvert,Cordi,2021637091,200295970,10
1107,Jenkerson,Floyd,5925085454,739590786,6
1108,Gillebride,Glori,1015849143,519490529,1
1109,Davenhill,Guinna,5006807862,138873058,2
1110,McRitchie,Richard,8608310327,675602398,1
1111,Corten,Brien,7545433231,509250464,4
1112,Crossley,Felicity,5541417348,481181770,7
1113,Siege,Candida,6246895859,638957218,10
1114,McKerrow,Kerrin,4279969002,138731328,4
1115,Corby,Emlen,7617239382,549228512,9
1116,Folds,Artemas,3721607834,970223374,8
1117,Connell,Marketa,6991107614,829347087,9
1118,Gianiello,Eddi,4995594190,896749672,10
1119,Derwin,Meade,4965879631,477391361,8
1120,Hassekl,Valentine,9922676481,671038677,6
1121,Redmond,Johan,2031274760,60622124,10
1122,Hand,Alanah,5685833175,376825339,6
1123,Klagge,Rosemary,2533374336,233357751,4
1124,Wainscot,Bride,7884899606,47204940,6
1125,O'Flaverty,Rosamund,2823129505,191896476,5
1126,Bergeau,Alix,8916192786,252340612,9
1127,Poynter,Auria,6858112950,422147507,3
1128,Kleinhandler,Camel,2898838929,11900232,10
1129,Lapslie,Abey,2784876897,388928075,2
1130,Stanner,Desdemona,6146549547,325828656,7
1131,Treneman,Terrel,1547394151,327102857,9
1132,Tumilson,Madge,8928211472,965703191,3
1133,Cazin,Jemmy,9301785599,240650237,4
1134,Horribine,Sherill,3441656105,873999413,2
1135,Braunthal,Isador,6413664260,302319853,4
1136,Gaskin,Aldric,4521931202,59029703,5
1137,Karpenko,Julius,7017358766,199607530,10
1138,Frantzen,Morena,9635042374,454546888,9
1139,Lenden,Rowen,3658306236,197187094,6
1140,Bothams,Jecho,3221737851,581616802,8
1141,McLeary,Maurits,7711985753,468383123,9
1142,Bloom,Ardella,7505170299,303548308,7
1143,Thurner,Vic,5056972792,87431866,9
1144,Gaddie,Lanette,8052720401,115865068,6
1145,Speirs,Elysee,5025223013,169120691,2
1146,Garrud,Vernon,7944097201,761597606,7
1147,Portlock,Sigismund,4164781959,231668387,8
1148,Triggle,Ignacio,3555326081,413154706,4
1149,Fishley,Candida,6483672550,779473099,5
1150,Winman,Batholomew,6704493088,963782112,1
1151,Faber,Harmon,8724790940,766818562,3
1152,Hundal,Bo,4522372835,447382093,4
1153,Sacks,Atalanta,6485960402,717943709,9
1154,Ciccone,Michael,3258598038,135309073,1
1155,McCoughan,Lonnard,3419996296,596165149,9
1156,Scorton,Bobbe,3204332434,304950286,1
1157,Maken,Lurlene,9391398952,155125149,2
1158,Prout,Tana,6513183320,66082523,6
1159,Snoddon,Steffen,6475242483,367297576,6
1160,Weller,Chrisy,4456688251,838637363,4
1161,Sprigg,Teirtza,7337125617,54689206,7
1162,Tryme,Tori,5226868316,660913997,6
1163,Lafflina,Peta,1106391145,979122790,6
1164,Jardine,Odelle,5584357096,152976742,8
1165,Moseby,Dixie,7974330466,717840665,6
1166,Cockarill,Analise,5212723222,479279071,10
1167,Gennrich,Pearla,7659006550,687341842,2
1168,Werlock,Madella,3425051208,456901169,8
1169,Halwell,Dawna,2887698194,798464824,5
1170,McMorran,Barrie,2679025808,179327022,10
1171,Schoenfisch,Erina,4314566283,525318777,8
1172,Toppin,Onfroi,6949845581,190693264,3
1173,Irwin,Regan,9274563619,771416685,3
1174,Kaaskooper,Nobe,2338053255,214248118,8
1175,Padbery,Ramonda,9902452421,78268013,1
1176,Purrier,Sancho,4517806352,99405610,10
1177,Salan,Bryn,2119587040,948227218,2
1178,Loxston,Perren,6906436667,621347493,3
1179,Sturzaker,Faulkner,2345095053,396537198,9
1180,Cabel,Ophelia,2368356213,559874615,4
1181,Trill,Bear,5796460275,19846296,2
1182,MacManus,Auroora,5352620132,453562214,4
1183,Perks,Aymer,9649325448,994031189,8
1184,Sans,Leia,6644162098,72992419,5
1185,Gostling,Andres,3245261432,517452658,7
1186,Bonhome,Hillery,4472550229,240469495,5
1187,Leare,Roselle,3137400443,876596771,4
1188,Gibbie,Pedro,7202258698,488925670,8
1189,Spenceley,Adaline,5505602753,429884650,10
1190,Blaxall,Rutherford,2268066715,468549688,6
1191,Dinse,Linoel,8747097411,179042756,1
1192,Murphey,Charlotte,4183559819,540149138,7
1193,Giacometti,Glori,3469295538,766992918,8
1194,Local,Elna,4538283779,664611339,9
1195,Gillimgham,Alisa,6578382805,35255028,1
1196,Newbury,Bobine,6855397858,155978278,1
1197,Hovel,Corie,7035085897,342927396,5
1198,Cockrill,Kara-lynn,2803546650,792088016,4
1199,Woodgate,Eli,3854362417,807230324,8
